Tarih,Sembol,Fiyat,Gunluk %,Hacim 1g,Rejim G,Rejim H,Rejim A,Cakisma,ATR %
2026-07-24,ASELS,381.25,1.3289036544850499,31161403,0.76,1.11,1.26,0,4.347442905584833
2026-07-24,QNBTR,202.0,0.0,11396,0.77,0.81,0.69,0,2.3155947752177246
2026-07-24,HEDEF,234.5,-1.4705882352941175,451613,0.18,1.02,0.53,0,4.578249363672066
2026-07-24,DSTKF,2083.0,-0.8095238095238094,462053,0.47,1.3,0.9,0,10.079023167059411
2026-07-24,TUPRS,306.25,-2.6232114467408585,20117778,0.77,1.08,0.83,0,3.0718947463655604
2026-07-24,ENKAI,88.95,-1.1117287381878822,4384482,0.48,0.77,1.07,0,2.673651395851738
2026-07-24,GARAN,125.5,0.4,11385790,0.43,0.92,0.98,0,2.7033389960056726
2026-07-24,KCHOL,196.4,-0.9081735620585183,6833762,0.33,0.98,0.96,0,2.6386931398998517
2026-07-24,BIMAS,385.5,-1.2804097311139564,5227924,0.48,1.01,1.07,0,3.134693569995364
2026-07-24,THYAO,312.75,0.0,13983582,0.3,0.84,1.12,0,2.8276385916562603
2026-07-24,KTLEV,161.5,-4.437869822485207,26620464,1.15,0.9,0.59,0,6.423303464410653
2026-07-24,AKBNK,67.5,0.6711409395973197,62860922,0.51,1.02,0.96,0,3.1612083011316376
2026-07-24,ASTOR,301.25,-1.8729641693811077,16942983,0.52,0.98,0.95,0,5.798147666426663
2026-07-24,EREGL,43.5,-1.5837104072398251,105339085,0.87,0.9,0.87,0,3.731599193635989
2026-07-24,VAKBN,30.14,-0.9855453350854162,17303270,0.48,0.77,0.98,0,3.1457862141367565
2026-07-24,YKBNK,33.34,0.24052916416117076,179465649,0.62,1.37,1.16,0,3.3984899997792133
2026-07-24,FROTO,79.15,-0.3148614609571788,13140780,0.63,1.01,0.97,0,2.5694563777338013
2026-07-24,HALKB,35.92,-1.4270032930845116,28042194,0.66,0.71,1.11,0,4.049148380974897
2026-07-24,ODINE,2352.0,0.5128205128205128,124540,0.46,0.64,0.72,0,4.204098705697013
2026-07-24,CCOLA,90.65,-0.4939626783753992,2308760,0.45,0.95,0.99,0,3.3816558917092907
2026-07-24,TCELL,102.8,-2.095238095238098,21028657,0.78,1.21,1.05,0,3.334898380090289
2026-07-24,OZATD,2885.0,-2.861952861952862,200250,0.25,1.08,0.78,0,5.694617836981092
2026-07-24,TTKOM,53.75,-3.4141958670260535,40876685,1.13,1.05,1.41,0,3.538550547641819
2026-07-24,SAHOL,86.85,-1.2507106310403735,18400963,0.55,1.11,0.92,0,2.6073670159133875
2026-07-24,ISDMR,55.3,-2.3830538393645218,932163,0.62,0.98,0.41,0,4.296081349155944
2026-07-24,TRALT,49.8,-1.483679525222552,109843675,0.83,1.1,1.06,0,4.761189996099863
2026-07-24,SELEC,248.0,4.070499370541329,2984786,1.89,0.4,1.84,2,6.718226789094575
2026-07-24,TOASO,282.25,-1.3973799126637554,2337852,0.76,0.87,1.05,0,3.680586856225886
2026-07-24,GUBRF,422.5,-0.5882352941176471,1026247,0.41,0.9,1.29,0,4.285894808237365
2026-07-24,SASA,2.62,-1.1320754716981059,2477846349,0.7,1.26,0.79,1,4.72350482911009
2026-07-24,KLRHO,82.55,-1.3150029886431662,1309823,0.36,0.81,0.6,0,6.390521388048718
2026-07-24,TURSG,6.66,-0.14992503748125618,25242361,0.29,1.09,0.95,0,3.2109920458228753
2026-07-24,SISE,43.28,-0.9157509157509125,23757769,0.6,0.81,0.84,0,3.0220886517947214
2026-07-24,AKSEN,104.1,-0.2873563218390913,5996260,0.45,1.55,1.14,2,4.605372800306704
2026-07-24,ENJSA,106.6,-1.660516605166062,1327723,0.47,1.37,0.68,1,2.975598487238884
2026-07-24,AEFES,21.28,-1.2070566388115043,21819960,0.63,1.0,0.87,0,3.410170502765227
2026-07-24,INVES,662.0,0.9916094584286803,12466,0.18,0.47,0.76,0,5.270225905433744
2026-07-24,QNBFK,48.48,-0.0412371134020683,15304,0.24,0.71,1.19,1,5.7728979471198505
2026-07-24,MAGEN,41.32,0.6332196785192353,7311227,0.37,0.82,1.63,1,5.469037641734415
2026-07-24,KENT,336.0,-2.3255813953488373,8029,2.16,1.04,0.66,0,1.881569595898756
2026-07-24,TERA,163.2,1.3664596273291856,5442094,0.45,0.67,1.37,1,5.336296668424759
2026-07-24,MGROS,625.5,-0.7930214115781126,900632,0.34,1.21,0.95,0,3.1468289969681775
2026-07-24,OYAKC,20.68,-0.6724303554274763,8940884,0.61,0.94,0.9,0,2.6388753221772547
2026-07-24,TRGYO,96.55,-0.9743589743589773,348281,0.42,0.64,0.82,0,2.217550193865507
2026-07-24,AHGAZ,35.4,-2.2639425731639986,1924854,0.42,0.74,0.92,0,4.244930872162262
2026-07-24,KLNMA,9.89,5.212765957446811,381735,1.19,1.16,0.94,1,3.694145475217507
2026-07-24,TAVHL,259.75,0.19286403085824494,2053966,0.7,0.82,1.1,0,3.6415190043686616
2026-07-24,GUNDG,2412.0,2.1601016518424396,231300,0.74,0.93,0.65,0,4.941405577256313
2026-07-24,LIDER,103.2,-5.753424657534244,4246271,0.73,1.62,1.65,1,7.803984036613365
2026-07-24,TEHOL,43.32,0.6973500697350002,8773153,0.25,0.64,0.45,0,2.477659192368366
2026-07-24,ZRGYO,18.01,-0.3871681415929023,283973,0.18,0.13,1.91,1,3.2149093740305146
2026-07-24,RALYH,252.25,-0.8840864440078585,1839787,0.55,0.8,1.29,1,6.64679575444392
2026-07-24,AGHOL,34.34,-0.4637681159420191,1738988,0.36,1.12,0.86,0,3.2622670399556633
2026-07-24,ENERY,9.41,-1.2591815320041893,15868414,0.3,0.6,1.53,0,4.443704124090913
2026-07-24,PGSUS,161.9,0.9351620947630923,6966738,0.74,0.82,0.94,0,2.4199970458690507
2026-07-24,BRSAN,567.5,1.7937219730941705,1060095,0.79,0.81,0.75,0,3.8949204676107887
2026-07-24,IEYHO,164.2,2.305295950155756,4083495,0.34,1.31,1.0,1,2.6050712113803183
2026-07-24,MPARK,409.75,-0.06097560975609756,469539,0.71,0.97,1.04,0,3.319095899129794
2026-07-24,UFUK,1640.0,-0.966183574879227,2033,0.1,0.44,1.07,0,4.812219335867821
2026-07-24,PASEU,111.1,-2.5438596491228123,1656359,0.17,0.84,0.71,0,6.579828294409987
2026-07-24,PEKGY,14.95,0.0,21265341,0.19,0.65,0.71,0,2.315723485448201
2026-07-24,DMLKT,6.02,0.0,4317100,0.85,0.88,0.72,0,0.7002885247364202
2026-07-24,RGYAS,202.0,-1.9417475728155338,486820,0.42,0.85,0.69,0,2.4970889444621385
2026-07-24,BIGEN,128.7,9.999999999999991,1001622,0.07,2.44,0.43,1,7.5456048275652625
2026-07-24,ARCLK,98.85,-0.15151515151515726,719070,0.63,0.66,0.85,0,2.209597709773063
2026-07-24,LYDHO,183.8,-0.3794037940379342,454776,1.1,1.08,0.77,0,3.1858151393696055
2026-07-24,EUPWR,98.0,-0.3558718861209907,10948016,0.6,0.63,1.09,0,5.978423917940324
2026-07-24,RYGYO,32.06,0.8810572687224705,632636,0.53,0.91,0.54,0,3.542082364077935
2026-07-24,AYGAZ,273.75,-4.533565823888405,1078681,0.76,1.41,1.06,1,3.651986690782892
2026-07-24,TABGD,231.9,-0.47210300429184304,217487,0.17,0.94,1.52,0,4.013453332898033
2026-07-24,AKFIS,92.55,-0.5373455131649651,989772,0.36,0.59,0.67,0,5.201078248214194
2026-07-24,PETKM,22.4,-0.7092198581560291,37434321,0.42,1.09,0.84,0,3.732117326303397
2026-07-24,KRDMA,42.72,-3.7404236142406573,4835826,0.31,1.42,0.9,1,4.574399841542575
2026-07-24,BSOKE,34.72,-0.686498855835246,1815380,0.44,1.25,0.66,0,4.763708452130677
2026-07-24,CVKMD,39.06,-1.063829787234029,8234571,0.61,0.94,0.63,0,4.628813920455688
2026-07-24,ANSGR,26.84,-1.1053795136330167,827701,0.21,0.99,0.74,0,2.605096361061168
2026-07-24,TRHOL,1748.0,-3.1042128603104215,68871,0.18,1.25,1.28,2,5.527421920401482
2026-07-24,ISMEN,35.9,-0.333148250971695,2289627,0.44,0.88,0.72,0,2.2708515313081215
2026-07-24,ARMGD,201.5,-0.24752475247524752,663037,0.52,0.86,1.05,0,4.824331817568277
2026-07-24,GLRMK,163.6,0.368098159509199,1636881,0.49,0.95,0.47,0,3.475932482350151
2026-07-24,TKFEN,148.0,1.4393420150788172,2604848,0.6,0.92,0.67,0,4.601771640675906
2026-07-24,TRMET,135.1,0.8961911874533148,9557834,1.46,1.12,1.08,1,4.727937147086367
2026-07-24,YGGYO,217.8,0.41493775933610216,59692,0.64,0.54,0.51,0,3.557140900505925
2026-07-24,SARAE,123.8,9.946714031971583,6966005,,,,0,
2026-07-24,ECILC,71.9,-0.9641873278236759,1565641,0.51,0.79,0.71,0,3.3779197553095566
2026-07-24,BRYAT,1808.0,0.11074197120708748,23943,0.65,0.83,0.58,0,2.9661137797291577
2026-07-24,CIMSA,49.6,-1.0967098703888278,4075536,0.49,1.2,1.04,1,2.8679438145818565
2026-07-24,AKSA,11.93,-0.6661115736885934,20669562,1.06,0.76,0.93,0,3.6968182941071426
2026-07-24,AKCNS,237.2,0.08438818565400363,203730,0.68,0.39,0.97,0,3.3353056201770688
2026-07-24,ANHYT,103.8,-0.19230769230769504,371374,0.48,1.0,0.8,0,2.4215481339117457
2026-07-24,ALARK,106.1,-0.9337068160597572,1299074,0.35,0.69,0.92,0,3.5905504336593244
2026-07-24,MOGAN,17.52,-1.6835016835016876,8375802,0.26,1.08,0.93,0,6.459212600238952
2026-07-24,ALKLC,401.5,0.12468827930174563,349080,0.32,0.73,0.85,0,3.3842329320548954
2026-07-24,AGESA,238.0,0.21052631578947367,75321,0.43,0.9,0.8,0,2.7902652886731105
2026-07-24,CWENE,38.4,-2.636916835699795,10351823,0.17,1.34,1.14,0,5.043692919369672
2026-07-24,GENIL,9.22,-0.8602150537634415,12901426,0.32,0.81,0.83,0,4.78900805752045
2026-07-24,TBORG,128.3,-0.31080031080029313,55311,0.31,1.1,0.78,0,2.4917044522915983
2026-07-24,TTRAK,408.5,-0.9096422073984234,66917,0.48,1.02,0.77,0,2.287839626117976
2026-07-24,RYSAS,20.2,-0.39447731755424975,695896,0.23,0.93,0.33,0,4.886679742086967
2026-07-24,OTKAR,331.5,-0.45045045045045046,413358,0.79,0.42,1.34,0,3.256938956774195
2026-07-24,EFOR,18.17,1.6219239373601941,27611443,0.33,0.84,0.73,0,5.918862295399056
2026-07-24,GESAN,81.75,-1.0290556900726324,5679907,0.51,0.98,0.81,0,5.675153585535071
2026-07-24,DOHOL,21.28,-0.5607476635513899,6655226,0.72,0.82,0.96,0,3.4709482337545823
2026-07-24,DOAS,185.9,0.0,337338,0.41,0.76,0.68,0,2.2732891567520555
2026-07-24,CLEBI,1494.0,0.2684563758389262,13084,0.61,0.68,0.58,0,2.57725483728593
2026-07-24,YEOTK,98.95,-1.835317460317455,8547090,0.93,1.18,0.6,1,6.416515172709558
2026-07-24,ECZYT,335.75,-0.9587020648967551,131104,0.19,1.34,0.9,0,5.242406533640274
2026-07-24,ULKER,92.5,-1.9607843137254843,3798140,0.74,0.9,0.9,0,2.3703043457659825
2026-07-24,GLYHO,17.07,-2.790432801822315,1992031,0.83,0.51,0.72,0,2.991002033896624
2026-07-24,CEMZY,14.39,-2.1088435374149577,6384385,0.35,0.75,0.88,0,5.802519899517754
2026-07-24,VERUS,479.25,0.2615062761506276,24426,0.11,1.13,1.28,0,6.956435955508851
2026-07-24,ANELE,124.2,-0.24096385542168447,2527932,0.37,1.81,0.87,1,7.489800830300669
2026-07-24,NUHCM,218.1,-0.4109589041095916,23728,0.64,0.59,0.33,0,2.404078022015322
2026-07-24,SKBNK,11.76,-9.954058192955594,2761879,0.07,0.86,1.0,0,9.73368098988431
2026-07-24,SOKM,53.15,-3.1876138433515484,2824964,0.36,1.21,0.8,1,3.6005923053936733
2026-07-24,GRSEL,349.0,9.748427672955975,1313580,2.67,1.01,0.91,1,3.2327371555682305
2026-07-24,BASGZ,46.6,0.6914433880726022,125532,0.54,0.57,0.86,0,2.7798243204479496
2026-07-24,AKFYE,27.16,0.3695491500369602,7076486,0.48,1.16,1.17,2,5.231142704543893
2026-07-24,TSKB,11.32,0.35460992907802236,6225509,0.44,0.91,0.73,0,2.5191995692743325
2026-07-24,MAVI,38.96,-2.5025025025025025,1669274,0.54,0.68,0.81,0,2.8347298516885564
2026-07-24,GRTHO,246.1,-0.4852405984634116,520642,0.52,0.66,1.22,0,4.820361275917718
2026-07-24,ARASE,120.3,-1.0690789473684188,76561,0.36,0.73,0.48,0,3.3756254426864087
2026-07-24,PAHOL,1.44,-0.6896551724137937,171229726,1.06,0.57,0.72,0,2.683703675181802
2026-07-24,BTCIM,5.36,3.0769230769230793,246743374,3.57,1.16,0.85,1,4.389738747353005
2026-07-24,ADGYO,52.15,-1.6037735849056631,319366,0.52,0.92,0.68,0,3.600177266806502
2026-07-24,RAYSG,172.6,-0.5760368663594471,70875,0.56,0.73,0.7,0,2.8249173810550436
2026-07-24,KCAER,15.01,2.108843537414969,17037318,1.36,0.89,0.71,1,3.9841323050042723
2026-07-24,SSAAT,46.16,9.95712243925679,39158963,,,,0,
2026-07-24,KUYAS,71.1,-2.868852459016405,9113806,0.49,1.6,1.14,0,6.766655523334119
2026-07-24,PSGYO,3.78,-4.545454545454549,655901674,2.19,0.61,1.42,1,6.156123534966962
2026-07-24,TRENJ,100.3,-3.650336215177711,5050894,2.33,1.13,0.91,0,4.557885305562079
2026-07-24,HEKTS,3.03,-2.572347266881031,215733850,0.52,0.86,1.21,0,5.382613164637968
2026-07-24,DAPGM,9.74,-1.3171225937183284,20564233,0.11,1.16,1.5,1,5.591647061862468
2026-07-24,SARKY,25.8,-1.1494252873563244,1928620,0.38,0.79,0.59,0,4.0179761277532595
2026-07-24,LYDYE,13502.5,-0.6255749770009199,534,0.53,0.8,0.64,0,3.7820074027720767
2026-07-24,KLYPV,60.95,-2.245388933440254,858336,0.32,1.0,0.89,0,4.410660988878145
2026-07-24,BRISA,81.2,-1.2765957446808476,39611,0.22,0.97,0.78,0,3.317530608512959
2026-07-24,ISGYO,24.96,-3.255813953488371,2674570,0.63,0.65,1.84,1,5.971371359057071
2026-07-24,CMENT,280.0,-1.7543859649122806,3617,0.8,0.79,0.85,0,3.1216372485975885
2026-07-24,IZENR,10.04,0.09970089730807366,24555568,0.44,0.65,0.89,0,6.059141221293714
2026-07-24,DOFRB,155.4,-0.7662835249042074,4204846,0.97,0.66,0.63,0,5.923334699908542
2026-07-24,ESCAR,47.22,-1.6250000000000024,993090,0.54,0.79,0.44,0,4.039376570869323
2026-07-24,ECOGR,44.58,0.8597285067873199,34419409,2.05,1.31,0.96,2,4.85814804615014
2026-07-24,ULUSE,296.25,-0.33641715727502103,98304,0.33,0.7,0.69,0,6.421701092494763
2026-07-24,TCKRC,139.8,0.5032350826743472,797385,0.2,0.87,0.87,0,5.873828432701594
2026-07-24,ARDYZ,68.85,-3.9748953974895516,3444179,0.77,1.02,0.92,0,5.985738732533165
2026-07-24,AKSGY,9.45,-0.8394543546694656,748199,0.32,0.64,0.78,0,2.201415850450095
2026-07-24,SMRTG,12.1,-0.8196721311475381,17345741,0.57,0.82,0.81,0,5.058963672209676
2026-07-24,AVPGY,52.9,-0.09442870632673138,257680,0.33,0.98,0.7,0,3.2979028698991284
2026-07-24,NTHOL,42.96,1.129943502824868,1179682,0.65,0.65,1.21,0,3.4579309297365737
2026-07-24,ICBCT,23.88,0.2518891687657377,3245713,0.77,1.04,0.92,0,5.980521171707309
2026-07-24,CRFSA,157.2,-1.8113678950655874,239581,0.33,1.09,0.65,0,4.21713069918025
2026-07-24,ALBRK,8.07,-1.2239902080783311,4506819,0.32,0.78,0.83,0,2.8514825282055045
2026-07-24,MEGMT,78.8,2.604166666666667,4208996,0.75,1.12,0.63,0,4.55599032722478
2026-07-24,IZMDC,12.46,-7.014925373134324,13365565,0.57,1.56,1.26,2,5.46963716544974
2026-07-24,BINBN,174.9,-0.8503401360544217,136057,0.55,0.59,0.78,0,4.038488933538445
2026-07-24,NETCD,140.7,-1.95121951219513,1657147,0.3,0.87,0.6,0,6.044402251961116
2026-07-24,DMRGD,12.62,-3.6641221374045836,50824760,0.98,0.88,0.82,0,4.99021858527792
2026-07-24,SUNTK,42.94,5.0391389432485205,4980417,0.84,2.17,1.58,2,6.8134034350881025
2026-07-24,FENER,3.05,-1.294498381877024,38484248,0.33,0.89,0.6,0,4.17908703949394
2026-07-24,EGPRO,35.36,0.740740740740735,526590,0.5,0.53,0.81,0,5.127963217937236
2026-07-24,HLGYO,4.92,-2.1868787276342014,13001628,0.62,0.78,0.59,0,3.6957642516128137
2026-07-24,MRSHL,1702.0,-0.642148277875073,84482,1.36,0.84,1.83,1,7.98396728615464
2026-07-24,OZKGY,12.86,-0.1552795031056005,1225910,0.5,0.65,0.6,0,3.0340314313662744
2026-07-24,AYDEM,25.84,-2.2692889561270855,849665,0.36,1.07,0.64,0,4.089159867974677
2026-07-24,ENTRA,4.49,-2.6030368763557505,13695118,0.63,0.95,0.69,0,3.7437442480508634
2026-07-24,BALSU,16.52,-1.0778443113772438,21638545,0.26,0.87,2.51,0,8.1930643647648
2026-07-24,KONYA,3772.5,0.6,12351,1.49,0.56,1.11,1,3.5344084263855082
2026-07-24,LILAK,30.24,-2.1992238033635294,1244636,0.68,0.55,0.58,0,3.5366580139512735
2026-07-24,POLTK,4850.0,0.10319917440660474,2442,0.57,0.46,0.8,0,3.475463457624935
2026-07-24,ALFAS,46.76,-0.6796941376380635,1528840,0.54,0.64,0.8,0,4.6755120743168535
2026-07-24,EGEEN,5455.0,-0.45620437956204374,9078,1.04,0.63,0.78,0,2.744639526582841
2026-07-24,ALTNY,16.92,-0.47058823529410765,12799018,0.52,0.88,0.97,0,4.90501100349605
2026-07-24,EKDMR,52.15,-1.4177693761814745,15401329,0.86,0.72,,0,6.720386239936829
2026-07-24,POLHO,21.82,-1.5342960288808658,1153493,0.21,0.92,0.68,0,3.483087426873637
2026-07-24,FZLGY,12.99,-2.6236881559220366,16288246,0.64,0.84,0.95,0,6.544703791735793
2026-07-24,MIATK,33.8,1.9300361881785304,24259346,0.84,0.94,0.93,0,6.08519521459054
2026-07-24,KBORU,26.4,-1.1976047904191627,2083485,0.35,0.67,0.76,0,3.57725570631977
2026-07-24,KARTN,211.7,-0.5636449037106703,451974,0.23,1.15,1.31,1,6.313763430158723
2026-07-24,BANVT,157.6,-0.3162555344718533,39398,0.22,0.3,1.66,0,3.508174680837517
2026-07-24,BFREN,126.9,-0.7042253521126693,64807,0.62,0.72,0.55,0,1.9950779628130761
2026-07-24,TATEN,13.71,-0.5079825834542708,7387149,0.43,0.79,0.49,0,5.410281386769203
2026-07-24,OBAMS,5.27,-1.4953271028037398,24362527,0.53,1.16,0.75,0,4.39789286914936
2026-07-24,MOBTL,14.53,-1.5582655826558294,1856719,0.58,0.74,0.59,0,3.993469301542677
2026-07-24,AHSGY,20.4,-2.5787965616045976,836769,0.41,0.56,0.96,0,5.782264919735111
2026-07-24,DEVA,75.65,0.2650762094102092,119239,0.24,0.91,0.89,0,2.8843031761055418
2026-07-24,ISKPL,9.83,-1.6999999999999995,48801762,0.42,1.16,1.22,2,8.124886838970307
2026-07-24,SVGYO,13.64,3.333333333333343,16313485,0.34,1.33,0.67,1,8.92191636180615
2026-07-24,PAGYO,165.8,0.9129640900791235,100841,0.72,0.87,0.57,0,5.1547767403208615
2026-07-24,SDTTR,241.8,0.12422360248447675,398236,0.58,0.69,0.64,0,4.855651676646362
2026-07-24,GWIND,25.0,-3.250773993808049,3450012,0.75,1.04,0.41,0,3.1259564972364617
2026-07-24,PATEK,20.5,-0.6782945736434136,4572966,0.47,0.6,0.71,0,4.819015776776673
2026-07-24,KORDS,70.35,-1.6771488469601716,1069307,0.64,0.64,1.07,0,5.881353729678073
2026-07-24,HATSN,61.05,-2.63157894736843,1906402,0.44,0.86,1.09,0,6.581672526722743
2026-07-24,GMTAS,46.08,-0.2597402597402696,1013421,0.39,1.12,0.58,0,4.779858277259312
2026-07-24,BINHO,10.37,-2.354048964218456,11475886,0.42,0.57,1.07,0,5.369145396874567
2026-07-24,GEREL,36.22,-1.0922992900054578,2260490,0.21,0.76,1.21,0,6.481987772607542
2026-07-24,GSRAY,1.01,0.0,104348228,0.64,1.11,0.65,0,2.4783029721465386
2026-07-24,ASUZU,53.8,-0.554528650646958,152360,0.51,0.68,0.66,0,3.1766197218794847
2026-07-24,EBEBK,86.65,1.941176470588242,344623,0.72,1.02,0.76,0,3.113366325190352
2026-07-24,ISFIN,19.22,-0.9788768675940304,1121466,1.04,0.83,0.61,0,1.9697191522265844
2026-07-24,KLSER,25.68,-1.0785824345146422,567909,0.58,0.77,0.66,0,2.5592386326743615
2026-07-24,CRDFA,44.34,-0.13513513513512426,768060,0.45,0.82,0.83,0,4.600313825204734
2026-07-24,SNGYO,3.38,-0.8797653958944354,14672151,0.91,0.91,0.58,0,3.9012236525401387
2026-07-24,BMSTL,44.2,0.40890504316219833,545879,0.23,0.63,0.8,0,3.9114039645366896
2026-07-24,CANTE,1.29,-1.5267175572519098,169398001,0.73,0.77,0.6,0,2.991345460688322
2026-07-24,DGGYO,38.84,-0.9183673469387741,87997,0.49,0.62,1.5,0,7.244004681799438
2026-07-24,MCARD,139.8,-0.14285714285713474,1293142,0.46,1.23,0.31,0,6.686083787892142
2026-07-24,ZOREN,2.53,-1.5564202334630364,21073544,0.35,0.81,1.15,0,3.3068056530668763
2026-07-24,ODAS,9.09,-0.547045951859964,58973686,0.88,0.64,1.13,0,3.8740134056821076
2026-07-24,LOGO,133.2,-0.9665427509293765,250052,0.56,0.69,0.81,0,2.7553134492969273
2026-07-24,AYCES,501.5,0.8040201005025126,72578,0.63,0.69,0.65,0,5.586204411239055
2026-07-24,LMKDC,23.62,-1.2541806020066917,2924643,0.42,1.26,0.83,0,4.042779087124184
2026-07-24,ATATR,15.47,0.7161458333333413,14097115,0.43,0.83,0.53,0,5.781342301325408
2026-07-24,KLKIM,26.56,-0.5988023952095813,689198,0.33,1.04,0.77,0,2.931035859994417
2026-07-24,KAYSE,4.07,-0.48899755501221454,3798131,0.46,1.02,0.51,0,2.3199543630207775
2026-07-24,TRCAS,46.42,-0.9812286689419812,792096,0.87,1.11,0.58,0,3.4528108070775625
2026-07-24,MEYSU,13.94,2.6509572901325438,29259709,1.57,1.17,0.4,2,5.2405224486612845
2026-07-24,SURGY,68.8,-1.7142857142857182,1464567,0.64,1.04,0.41,0,4.058936737064654
2026-07-24,HRKET,96.9,-2.7596588058203713,565279,0.2,0.8,1.19,0,6.612692398666216
2026-07-24,VAKKO,70.0,-2.3709902370990275,66733,0.46,0.76,0.31,0,3.464291660479672
2026-07-24,YYLGD,10.46,-0.9469696969696936,1946337,0.59,0.69,0.6,0,2.7705515737564315
2026-07-24,KSTUR,2697.5,0.0,235,0.3,0.82,0.89,0,2.327006249086928
2026-07-24,AKGRT,7.06,-0.2824858757062212,2877808,0.41,0.95,0.69,0,1.8972946205540921
2026-07-24,KOTON,13.71,-0.1456664238892904,1312774,0.24,0.54,1.52,0,3.410725286451119
2026-07-24,AKHAN,41.06,-0.5329457364341057,2056939,0.28,1.22,0.66,1,5.6021183666326415
2026-07-24,OYYAT,37.66,0.1595744680850935,183572,0.79,0.55,0.99,0,3.976095333807065
2026-07-24,ISVEA,44.28,9.98509687034278,9535139,0.42,,,0,
2026-07-24,KOCMT,4.86,2.3157894736842173,38132118,0.32,0.79,2.23,1,7.101505084770478
2026-07-24,GARFA,27.96,-0.6396588486140714,423259,0.18,1.81,0.89,0,4.163275615042142
2026-07-24,IZFAS,64.15,2.149681528662434,1900967,0.58,0.75,0.73,0,3.9901495974953183
2026-07-24,BARMA,38.16,-9.957527135441259,180814,0.09,0.77,1.01,0,10.632263406283494
2026-07-24,HTTBT,37.26,0.5939524838012928,188743,0.38,0.97,0.69,0,2.821326360877242
2026-07-24,JANTS,15.52,-0.7037747920665464,927394,0.15,0.71,1.32,0,3.815099472001416
2026-07-24,AKFGY,2.79,0.3597122302158357,6298738,0.62,0.64,0.73,0,2.492765916639183
2026-07-24,GEDIK,6.63,-0.4504504504504542,3578572,0.24,0.55,1.39,0,5.843089936869269
2026-07-24,VAKFA,11.52,-0.6896551724137937,3534444,0.46,0.9,0.57,0,2.6645755432172233
2026-07-24,BULGS,39.46,1.8585441404233323,5067802,1.39,1.09,0.61,1,4.024928988603822
2026-07-24,BIGTK,294.5,-3.0452674897119345,281259,0.24,1.18,1.15,2,8.427916502867747
2026-07-24,TARKM,509.0,4.1965199590583415,167976,1.37,0.89,0.56,1,4.600881153041804
2026-07-24,QUAGR,3.85,-1.0282776349614406,44113185,0.59,1.11,0.5,0,5.427161340121725
2026-07-24,EGGUB,101.7,-0.780487804878046,210548,0.54,0.79,0.45,0,3.285964275877558
2026-07-24,KGYO,9.86,-3.3333333333333317,7706396,0.21,1.42,1.16,1,7.746546358586298
2026-07-24,MANAS,31.18,2.0956123117223333,12097775,0.43,0.96,0.77,0,5.35437524398038
2026-07-24,AYEN,35.6,-1.1660188784008931,298597,0.27,0.45,0.74,0,5.407286356360821
2026-07-24,TNZTP,25.02,0.16012810248198217,930353,0.54,0.83,0.57,0,3.4542375429012186
2026-07-24,KARSN,10.9,-0.2744739249771213,5706388,0.56,0.65,0.81,0,4.622256726088658
2026-07-24,KMPUR,20.26,0.19782393669635362,1831902,1.07,0.92,0.43,0,4.572555768113518
2026-07-24,VESBE,6.07,-0.49180327868851414,3507209,0.27,0.75,1.54,0,3.8800090258718667
2026-07-24,EMPAE,59.2,4.409171075837742,12043071,0.96,1.99,0.41,0,13.099542057589364
2026-07-24,EGEPO,19.1,-0.5726184279021314,1624892,0.35,1.36,1.08,1,4.0544535433053035
2026-07-24,VSNMD,81.35,-0.6108735491753208,358304,0.29,0.38,1.08,0,4.391212687268994
2026-07-24,TUKAS,2.1,-0.9433962264150951,35073202,0.7,0.87,0.45,0,2.4710043051327966
2026-07-24,IHAAS,56.9,-2.1496130696474633,477620,0.19,1.05,0.96,0,8.328098467774096
2026-07-24,CELHA,23.92,-2.367346938775503,833767,0.23,0.38,0.92,0,7.696368047150464
2026-07-24,INGRM,391.0,-0.25510204081632654,15985,0.28,0.61,1.06,0,4.709839541352161
2026-07-24,SEGMN,50.3,-2.8019323671497642,365485,0.28,0.6,0.6,0,6.745700194967817
2026-07-24,TMSN,85.45,6.4134495641345035,2512182,4.33,1.0,0.63,1,3.409113330518937
2026-07-24,VKGYO,2.65,-0.7490636704119857,4696138,0.43,0.55,0.75,0,2.0660606704069355
2026-07-24,SONME,129.3,4.611650485436907,28698,0.82,1.13,0.85,0,4.826369221992481
2026-07-24,BOSSA,6.92,-1.2838801711840209,3670240,0.42,1.91,1.36,2,4.3835375588331065
2026-07-24,ALCAR,814.5,-3.093396787626413,29795,0.3,1.14,1.59,1,5.915468368954098
2026-07-24,AKMGY,241.9,-0.49362402303578307,19674,0.67,0.91,0.43,0,4.062864283827354
2026-07-24,KAPLM,441.25,-2.107598447032723,77472,0.42,0.92,0.83,0,6.830920499861846
2026-07-24,BERA,13.69,-0.797101449275371,2082908,0.25,0.74,0.81,0,3.5460449039620707
2026-07-24,BASCM,13.52,0.22238695329873506,44262,0.55,0.93,0.83,0,1.6396350414569156
2026-07-24,KZBGY,2.21,-0.45045045045046084,13532730,0.53,0.45,0.91,0,4.535417672846511
2026-07-24,GOZDE,22.78,-0.8703220191470813,543022,0.32,0.66,1.05,0,3.9843084064698933
2026-07-24,MAALT,1082.0,3.2442748091603053,23654,0.9,0.47,0.59,0,4.008045376902447
2026-07-24,EUREN,4.1,-1.2048192771084507,13647300,0.5,1.04,0.37,0,2.804456935354429
2026-07-24,MOPAS,32.24,1.129234629861992,3647202,1.6,0.68,0.6,1,3.792339094641984
2026-07-24,BESLR,13.33,1.5232292460015178,1499470,0.69,0.71,0.7,0,2.89596499277226
2026-07-24,ORGE,108.5,-0.7319304666056698,397212,0.73,0.45,0.77,0,4.812350330902151
2026-07-24,BIOEN,17.07,0.5300353356890452,1976186,0.22,0.62,1.28,0,4.88353898260268
2026-07-24,SRVGY,2.6,-0.38314176245209913,21782774,1.26,0.78,0.67,0,2.6652459682321497
2026-07-24,KOPOL,6.34,-2.6113671274961585,8851190,0.3,1.06,1.34,0,5.42726476541098
2026-07-24,GOKNR,23.8,-0.5016722408026797,1760951,0.47,0.44,0.99,0,4.1806342018178215
2026-07-24,BIENY,22.52,-2.0017406440382977,2125149,0.63,1.54,0.62,1,4.078384681694917
2026-07-24,INDES,11.1,0.4524886877827958,3543841,0.68,0.85,0.59,0,3.493067983812695
2026-07-24,KAREL,10.02,-1.7647058823529385,8129412,0.59,0.72,0.97,0,5.247905678623708
2026-07-24,VESTL,24.24,-0.410846343467549,1492207,0.16,0.84,1.32,0,4.759268461646945
2026-07-24,BJKAS,1.82,-2.6737967914438525,60551892,0.58,1.13,1.03,0,4.898392247751605
2026-07-24,ZGYO,37.92,-1.3014055179593962,1497418,0.41,0.69,0.4,0,5.380599947361763
2026-07-24,NTGAZ,11.41,-1.722652885443577,1740324,0.64,0.78,0.44,0,2.9030353141411145
2026-07-24,ADEL,30.24,-1.8181818181818254,1150781,0.8,0.8,0.29,0,2.9870136205717976
2026-07-24,GIPTA,63.85,5.887230514096193,3184852,2.41,0.59,0.66,1,5.171591586411352
2026-07-24,BUCIM,5.29,-0.7504690431519707,2012802,0.76,0.66,0.63,0,1.9742768691827068
2026-07-24,AKENR,10.62,-2.119815668202769,3418651,0.29,0.85,0.74,0,5.271937522649963
2026-07-24,VAKFN,1.29,-1.5267175572519098,15185654,0.37,0.91,0.52,0,2.7633544310520843
2026-07-24,TUREX,7.62,5.39419087136929,43306944,2.73,1.0,0.47,1,3.4640982929995756
2026-07-24,INVEO,7.78,0.25773195876289257,1454731,0.21,0.59,1.12,0,5.324012975499209
2026-07-24,ASGYO,11.67,-1.101694915254244,1990102,0.5,0.62,1.32,0,3.188636373269275
2026-07-24,PRKAB,35.48,-0.7274762171236853,311674,0.3,1.15,0.46,0,4.271981441135398
2026-07-24,GENKM,12.28,-2.3070803500397847,7690063,0.55,0.45,0.69,0,5.533244147552523
2026-07-24,SNPAM,19.8,1.4344262295082026,15219,0.34,1.04,0.78,0,2.6072461965192777
2026-07-24,EDATA,19.05,0.793650793650805,2076999,0.46,0.74,0.71,0,6.463285106543336
2026-07-24,GLCVY,54.15,-0.09225092250923295,264142,0.54,0.79,0.62,0,3.796081918387166
2026-07-24,SMRVA,12.37,-1.825396825396829,4224520,0.47,0.52,0.56,0,5.4307385873587455
2026-07-24,OFSYM,50.9,-1.0689990281827098,225779,0.33,0.49,0.95,0,3.6612352797877286
2026-07-24,ENDAE,16.9,-1.4002333722287164,1702890,0.34,0.56,0.86,0,5.520652730361933
2026-07-24,DOKTA,22.62,-2.162629757785467,289474,0.92,0.61,0.68,0,4.477422744152997
2026-07-24,ATAKP,53.0,-0.9345794392523363,115068,0.28,0.99,0.64,0,3.4587157555257138
2026-07-24,CATES,44.96,1.0337078651685412,6028759,1.47,1.6,0.99,1,4.392650488258332
2026-07-24,CGCAM,43.26,-0.7798165137614756,2083531,0.75,0.56,0.72,0,4.306422316041289
2026-07-24,BOBET,18.9,-1.8691588785046884,2186894,0.54,0.83,1.25,0,2.495282076324699
2026-07-24,ULUUN,9.58,-2.0449897750511177,13730307,0.89,1.29,1.03,0,5.215690983276525
2026-07-24,ALGYO,3.53,-1.6713091922005585,16211458,0.32,0.6,0.97,0,6.127544942584082
2026-07-24,TEZOL,14.05,-2.294853963838665,1502558,0.43,0.92,0.72,0,3.975367164922695
2026-07-24,TSPOR,0.96,1.0526315789473695,26272480,0.18,1.03,0.56,0,2.5035072048782783
2026-07-24,SOKE,17.16,-4.666666666666666,2187709,0.48,0.79,1.04,0,5.587887980858116
2026-07-24,EKOS,6.07,-1.9386106623586445,6012692,0.5,0.64,0.63,0,5.648935669204611
2026-07-24,FORTE,104.3,1.0658914728682114,606864,0.39,1.05,0.69,0,4.163666889533994
2026-07-24,PARSN,80.25,0.06234413965086927,156093,0.65,0.3,1.45,0,3.462844768847569
2026-07-24,ALKA,9.12,-1.935483870967758,2387965,0.54,1.41,0.54,1,3.5708141521932206
2026-07-24,KONTR,5.2,0.0,3856030,0.31,0.46,0.21,0,9.027146646735101
2026-07-24,MARMR,2.25,0.896860986547086,67041594,1.02,0.73,0.59,0,4.5688378716953855
2026-07-24,ALCTL,172.1,-0.11607661056298145,191952,0.53,0.75,1.0,0,4.818065583672482
2026-07-24,EGEGY,32.4,-1.6393442622950796,1003702,0.36,0.83,0.84,0,3.2051175837697365
2026-07-24,YIGIT,21.76,-0.5484460694698238,1362415,0.55,0.86,0.46,0,2.703323807879815
2026-07-24,A1CAP,9.56,-1.3415892672858516,2553206,0.3,0.51,1.05,0,4.520038969312918
2026-07-24,KLGYO,4.66,-0.2141327623126293,2562547,0.25,0.94,0.68,0,3.049288701701264
2026-07-24,UCAYM,29.18,1.460361613351871,4797457,0.57,0.85,0.62,0,5.6176934027324075
2026-07-24,BAHKM,119.1,1.3617021276595696,208437,0.26,1.59,0.66,1,6.091092962379934
2026-07-24,ATATP,271.75,6.673209028459273,2069842,1.42,1.14,0.83,1,5.013595347683258
2026-07-24,ESEN,3.53,0.284090909090903,16111257,0.6,0.81,0.43,0,2.5196450069284606
2026-07-24,REEDR,6.78,0.7429420505200567,7413939,0.29,1.11,0.45,0,4.487356053655035
2026-07-24,ZERGY,10.31,2.180376610505457,10021059,1.01,0.41,1.2,0,6.450964983843564
2026-07-24,ONCSM,252.0,-4.0,168376,0.35,1.45,0.53,0,5.5953303959789755
2026-07-24,INFO,6.59,1.3846153846153824,8464659,0.46,0.36,1.42,0,10.018262867278613
2026-07-24,ARSAN,3.58,1.4164305949008575,8425947,0.31,1.14,0.93,0,4.42528222929041
2026-07-24,TMPOL,425.0,-2.130109383995394,121724,0.22,1.09,0.97,0,5.661400061154855
2026-07-24,BORSK,6.25,-1.8838304552590284,10440661,1.26,1.1,0.56,0,3.550626018283337
2026-07-24,AGROT,2.55,0.7905138339920956,11303269,0.55,0.8,0.41,0,2.7253154402481474
2026-07-24,BURVA,803.0,-2.013422818791946,7858,0.55,0.64,0.49,0,6.857651105784004
2026-07-24,BESTE,31.7,-0.3771213073538686,3760438,0.24,0.95,0.76,0,7.8585066319140795
2026-07-24,KRVGD,2.68,-1.831501831501825,4752911,1.1,0.68,0.61,0,3.487586346791628
2026-07-24,KLSYN,13.4,-1.9033674963396763,3292381,0.78,0.63,0.89,0,6.942830679098385
2026-07-24,MNDTR,5.46,-1.7985611510791304,664354,0.64,0.67,0.7,0,2.7286179934325943
2026-07-24,PRZMA,74.4,-1.4569536423840983,1175842,0.68,0.42,1.33,1,7.740463662813374
2026-07-24,ARFYE,31.08,-0.9560229445506715,2356075,0.48,0.85,0.71,0,4.255980678181285
2026-07-24,LINK,6.31,-0.7861635220125898,10548332,0.56,0.61,0.65,0,4.5327701576255865
2026-07-24,BLUME,31.56,-2.8923076923076962,1048099,0.59,0.64,0.88,0,6.022686465696387
2026-07-24,GOLTS,311.5,0.1607717041800643,27014,0.38,0.85,0.66,0,2.072483161806927
2026-07-24,MERIT,16.47,0.06075334143376676,876894,0.22,0.8,1.09,0,3.839222040905029
2026-07-24,OZYSR,13.11,1.001540832049299,2587983,0.58,1.09,1.11,1,5.0017328816264985
2026-07-24,PLTUR,22.36,-0.17857142857142477,457266,0.43,0.59,0.6,0,3.076290280779444
2026-07-24,HOROZ,60.05,-0.41459369817578773,619638,0.33,0.61,0.78,0,4.935983051733466
2026-07-24,ALKIM,17.01,-4.276871131119854,4001325,1.56,1.06,0.87,0,3.6811525114484214
2026-07-24,PENTA,13.58,0.5181347150259088,727109,0.59,0.7,0.54,0,2.744808687656831
2026-07-24,DUNYH,145.2,0.4844290657439368,233271,0.24,0.67,0.97,0,5.809295796994237
2026-07-24,NATEN,6.35,-0.9360374414976675,2777430,0.52,0.66,0.47,0,3.1854629196198747
2026-07-24,KATMR,2.43,-0.40983606557376173,44948465,0.74,0.77,0.69,0,3.3474142059446965
2026-07-24,FRMPL,33.46,2.512254901960785,3337400,1.27,0.43,0.91,0,4.954634616076558
2026-07-24,GSDHO,5.35,-1.1090573012939093,4740648,0.27,0.59,1.05,0,5.5424668337882155
2026-07-24,AFYON,12.72,-0.7800312012480471,564891,0.36,0.82,0.48,0,2.2639937593155683
2026-07-24,YATAS,34.76,-1.8079096045197758,650040,0.95,0.91,0.6,0,3.667559190523023
2026-07-24,KONKA,13.03,-0.07668711656441556,1166061,0.47,0.79,0.75,0,3.922705495430111
2026-07-24,FONET,5.32,-0.1876172607879885,11209173,0.46,0.69,0.56,0,4.9173970775278155
2026-07-24,INTEM,256.25,-1.3474494706448508,31949,0.74,0.75,0.43,0,3.4375514475004665
2026-07-24,TATGD,19.27,-2.479757085020253,2425084,1.1,0.94,0.56,0,4.0961170835994025
2026-07-24,DESA,9.64,-2.2312373225152013,1528903,1.09,0.92,0.79,0,3.8118411964491186
2026-07-24,METRO,8.66,-1.2542759407069493,2496919,0.33,0.91,0.72,0,4.730127867242516
2026-07-24,ADESE,0.93,0.0,62557224,0.51,0.89,0.54,0,3.1961160051221085
2026-07-24,ORMA,173.9,1.104651162790701,1333,0.23,0.75,0.73,0,2.838381806764874
2026-07-24,MERCN,24.08,-1.7142857142857213,858575,0.26,0.56,0.8,0,5.781950183114162
2026-07-24,AYES,31.12,0.3223726627981993,28276,0.43,0.65,0.78,0,2.7286286110751496
2026-07-24,KTSKR,100.4,-0.6923837784371797,353834,0.31,0.82,0.8,0,6.133252749314939
2026-07-24,DCTTR,11.49,-3.4453781512605053,2686144,0.5,0.78,0.48,0,4.452883268808027
2026-07-24,CEMTS,9.09,-1.4099783080260389,477187,0.26,0.91,0.71,0,2.5241135008339444
2026-07-24,BRKVY,82.1,0.0,119802,0.51,0.53,0.64,0,3.3654651978962384
2026-07-24,DARDL,1.92,-2.040816326530614,10067586,0.51,1.23,0.66,0,3.3518198785464417
2026-07-24,YBTAS,15.04,-0.660501981505954,38343,0.94,0.68,0.62,0,1.3633614994508452
2026-07-24,GENTS,6.1,-0.6514657980456032,1851423,0.24,0.93,0.57,0,3.29173412474394
2026-07-24,AZTEK,4.41,-1.1210762331838524,2203440,0.49,0.51,0.51,0,4.886157514181149
2026-07-24,BVSAN,117.6,-0.5917159763313634,197769,0.21,1.05,0.7,0,3.9865090452927534
2026-07-24,GZNMI,65.9,-3.016924208977185,1473741,0.47,1.42,0.61,1,6.510407310965853
2026-07-24,GOLDA,18.29,4.216524216524207,113258533,1.57,,,1,
2026-07-24,KUVVA,154.3,9.978617248752672,825461,2.06,1.96,1.12,3,5.202142252634885
2026-07-24,YUNSA,8.92,-1.4364640883977986,1524036,0.43,0.84,0.55,0,3.586780874344901
2026-07-24,MHRGY,3.68,2.793296089385477,13195358,3.37,0.85,0.7,1,4.21171364170175
2026-07-24,NETAS,64.9,-2.479338842975194,257419,0.75,0.46,1.0,0,3.955612814861281
2026-07-24,KZGYO,21.26,-0.9319664492078251,883531,0.92,0.82,0.48,0,2.8248306740060682
2026-07-24,ERCB,53.2,-2.5641025641025617,1320793,1.06,1.08,0.81,0,4.782331970167047
2026-07-24,EKSUN,6.89,-2.407932011331444,3119568,0.27,1.1,1.09,0,5.505454513391156
2026-07-24,BORLS,5.87,-1.0118043844856597,2459911,0.36,0.17,0.89,0,7.662529891265766
2026-07-24,ELITE,31.38,-1.3827781269641775,387817,0.4,0.71,0.63,0,3.837512998267535
2026-07-24,KRONT,23.06,-3.8365304420350363,3253699,1.79,0.78,0.72,0,6.851567910661291
2026-07-24,FMIZP,286.0,-0.17452006980802792,24436,0.83,0.62,0.54,0,2.684623865025521
2026-07-24,DYOBY,13.68,1.0339734121122643,1387660,0.8,0.69,0.27,0,3.429073971318392
2026-07-24,DITAS,24.66,3.7005887300252267,3267845,0.54,1.0,1.3,0,11.396789699397258
2026-07-24,TSGYO,6.16,-0.48465266558966474,741496,0.8,0.63,0.8,0,2.8400687577241355
2026-07-24,SUWEN,7.11,-0.8368200836820029,952999,0.14,1.5,1.09,1,5.412883561183491
2026-07-24,GOODY,2.62,0.0,10590527,0.61,0.33,1.79,0,5.2416882746493
2026-07-24,ALVES,2.49,0.40322580645162226,39747511,0.78,0.9,0.47,0,3.6680355594902965
2026-07-24,DAGI,9.29,-4.226804123711342,8480956,0.54,1.07,1.49,1,6.6291107375297225
2026-07-24,VBTYZ,33.94,2.352231604342585,2917435,1.11,0.83,0.88,0,4.937505235602973
2026-07-24,PCILT,32.72,-4.046920821114377,979576,0.73,0.92,0.6,0,5.091339676341622
2026-07-24,SERNT,9.08,-2.679528403001072,3105038,0.49,0.43,0.89,0,5.86453620683325
2026-07-24,SAFKR,19.14,-0.5197505197505087,888888,0.32,0.55,0.8,0,5.671668840074263
2026-07-24,HURGZ,6.8,4.776579352850533,19830026,2.88,1.29,0.38,2,4.952897586478627
2026-07-24,ONRYT,60.8,-0.5723630417007383,460743,0.55,0.64,0.72,0,4.635691541333147
2026-07-24,ESCOM,5.31,-2.3897058823529553,11821812,0.63,0.4,0.81,0,4.883903012432897
2026-07-24,SOHOE,12.86,3.709677419354831,60051499,0.91,,,0,8.492557209509
2026-07-24,SAYAS,47.86,-2.286647611269901,687437,0.46,0.88,0.81,0,5.422000157947185
2026-07-24,BRLSM,16.92,0.4750593824228138,4947552,0.68,0.91,0.77,0,6.354562507911184
2026-07-24,HUNER,3.72,-0.5347593582887704,15296615,0.32,0.99,1.17,0,5.371188935987474
2026-07-24,OZSUB,30.98,0.19404915912030635,715056,0.27,1.16,0.65,1,4.668010263272017
2026-07-24,BIGCH,7.06,1.8759018759018746,6796200,0.76,0.69,1.49,0,5.2465567741445875
2026-07-24,KERVN,6.75,0.7462686567164152,560400,0.52,1.1,0.69,0,3.5490972216409373
2026-07-24,PNSUT,11.41,-2.144082332761578,1093110,0.43,1.2,0.56,0,3.6511584110959996
2026-07-24,OSMEN,9.15,0.7709251101321617,2668322,0.41,0.75,1.64,1,6.241397069358682
2026-07-24,SEGYO,4.33,-2.4774774774774846,2724999,0.42,1.14,0.51,0,3.8297533519195133
2026-07-24,KIMMR,14.85,-1.2632978723404222,512907,0.49,0.76,0.54,0,2.735901647453702
2026-07-24,SANFM,9.58,0.31413612565444354,2119830,0.24,0.61,0.79,0,5.123537547985487
2026-07-24,TKNSA,17.44,-1.912260967379077,1676495,0.92,0.75,0.54,0,2.923700340894533
2026-07-24,PNLSN,48.78,2.4789915966386546,503046,0.23,1.68,0.87,0,5.051832885068248
2026-07-24,TURGG,27.62,-0.43258832011534765,196251,0.6,0.51,0.45,0,3.269487281353309
2026-07-24,USAK,1.43,-0.6944444444444451,34828582,0.49,0.83,0.85,0,4.073049793282641
2026-07-24,PETUN,11.54,-0.5172413793103492,418324,0.3,1.03,0.61,0,2.695694484056293
2026-07-24,GATEG,310.0,0.0,4880,0.16,0.94,0.84,0,1.7829209366435002
2026-07-24,BURCE,40.52,-1.8886198547215354,681088,0.5,0.59,0.46,0,4.066679869277643
2026-07-24,BAKAB,48.2,-0.618556701030922,245917,0.55,0.47,1.22,0,6.709258042736385
2026-07-24,MRGYO,1.45,0.6944444444444451,81634519,1.12,1.08,0.49,0,4.308083514943856
2026-07-24,KUTPO,84.95,-0.2934272300469483,73681,0.53,0.81,0.55,0,2.651058698800295
2026-07-24,BAGFS,24.76,-1.511535401750195,422060,0.9,0.7,0.26,0,2.832150951617887
2026-07-24,DOGUB,86.05,-1.091954022988509,141979,0.41,1.01,0.51,0,8.211938967938186
2026-07-24,PKENT,135.2,-0.6612784717119807,138815,0.62,1.34,0.57,0,3.0234542017475423
2026-07-24,ERBOS,165.7,-1.661721068249265,56062,0.66,0.96,1.08,0,4.038520276930865
2026-07-24,CEMAS,4.19,-0.238095238095233,4476229,0.35,0.58,0.91,0,3.5966443527005794
2026-07-24,YAPRK,10.98,-0.8130081300812995,1001459,0.58,0.68,0.44,0,3.7448255387230414
2026-07-24,BYDNR,38.34,-1.893551688843385,619270,0.84,0.91,0.86,0,4.392160419441775
2026-07-24,MACKO,32.72,-0.18303843807200204,244422,0.45,0.73,0.45,0,3.5452368717116203
2026-07-24,LIDFA,2.97,-1.3289036544850363,3521487,0.33,0.56,1.21,0,4.115429589048273
2026-07-24,ENSRI,6.16,2.495840266222968,33811292,0.52,0.84,1.49,0,10.28422712631674
2026-07-24,IHLAS,1.07,-0.9259259259259267,31258409,0.64,0.3,1.52,0,3.922167753464633
2026-07-24,PINSU,11.09,-2.11827007943513,2045270,0.35,1.72,0.53,1,4.3658535674598875
2026-07-24,DGATE,107.2,-0.4642525533890436,471614,1.61,0.99,0.5,0,5.117380884882343
2026-07-24,DZGYO,7.77,-2.996254681647943,2015015,1.29,0.78,0.71,0,2.9899395877215085
2026-07-24,MEDTR,26.74,-0.5947955390334578,185029,0.5,0.66,0.79,0,2.4802322968801778
2026-07-24,HDFGS,2.8,-0.3558718861210047,29081454,0.36,0.92,0.89,0,5.899691841073864
2026-07-24,KNFRT,11.79,-1.9134775374376074,1452058,0.51,0.61,0.98,0,4.901071247430312
2026-07-24,LKMNH,14.46,-1.1619958988380035,479431,0.58,0.75,0.58,0,3.013256562844068
2026-07-24,EMKEL,20.4,-1.9230769230769333,1937065,0.29,0.82,0.53,0,5.502555325421158
2026-07-24,AKSUE,46.02,-2.085106382978717,706623,0.46,0.63,1.02,0,4.087742031860874
2026-07-24,BEGYO,3.78,-0.26385224274406943,2995375,0.65,0.75,0.61,0,2.75674111365673
2026-07-24,MNDRS,10.97,-1.1711711711711623,815158,0.42,0.72,0.54,0,2.2087919481543654
2026-07-24,ISSEN,7.18,-0.6915629322268424,1027404,1.58,0.53,0.43,0,3.128590097865642
2026-07-24,PKART,130.7,-2.897473997028236,263845,0.36,0.81,0.8,0,7.485790027442207
2026-07-24,NUGYO,9.05,-0.876232201533407,1193219,0.78,0.83,0.72,0,4.051755139122819
2026-07-24,SANKO,19.96,-0.9920634920634885,136722,0.62,0.5,0.65,0,2.736533411244774
2026-07-24,ATEKS,118.0,-0.9235936188077198,12217,0.8,0.57,1.03,0,5.050730131037683
2026-07-24,ARTMS,41.36,-1.5238095238095253,481138,0.55,0.5,0.78,0,3.395488303696794
2026-07-24,INTEK,374.0,1.9073569482288828,22507,1.22,1.41,1.25,2,3.7965755466484223
2026-07-24,MARBL,12.61,-0.7086614173228336,905044,0.72,0.41,0.96,0,3.219259507736068
2026-07-24,RUZYE,9.53,-9.49667616334283,16454573,2.28,1.17,0.7,1,4.698102768623547
2026-07-24,MTRKS,28.12,-2.4288688410825787,692163,0.64,0.64,1.11,0,5.059060952700835
2026-07-24,MSGYO,5.97,-0.8305647840531533,1076472,0.51,0.66,0.53,0,4.427013605149653
2026-07-24,PAPIL,13.58,-0.5856515373352861,2583178,0.28,0.6,1.02,0,4.396355571806083
2026-07-24,CMBTN,1618.0,5.613577023498695,40283,1.56,0.67,1.5,2,4.97475106105432
2026-07-24,LUKSK,95.5,-1.2409513960703233,43515,0.58,0.37,1.15,0,3.906194023651483
2026-07-24,PRKME,17.82,-1.818181818181809,1196327,0.51,0.31,1.94,0,6.156170398591552
2026-07-24,DGNMO,7.61,-0.13123359580052213,1508501,0.36,0.83,0.61,0,5.894271099852334
2026-07-24,IMASM,2.83,-1.3937282229965169,9930126,0.75,0.72,0.64,0,3.3243202047251086
2026-07-24,SKYLP,268.0,-3.856502242152467,93801,1.53,1.03,0.67,0,6.920800052875589
2026-07-24,TGSAS,182.1,0.8305647840531563,101966,0.42,0.84,0.83,0,5.311023755471278
2026-07-24,DURDO,5.12,-2.8462998102466694,2056682,1.03,0.76,0.6,0,3.6289626575470426
2026-07-24,MEKAG,3.27,-0.3048780487804813,3881519,0.34,0.84,0.33,0,3.4208282846044997
2026-07-24,DURKN,20.2,2.071753410813543,4202761,2.29,0.72,0.55,1,4.342892682473272
2026-07-24,PAMEL,82.1,-0.2430133657351189,70595,0.43,0.32,1.42,0,4.315796556707774
2026-07-24,MARTI,1.77,4.117647058823533,80370069,1.77,1.02,0.38,1,4.702852320968183
2026-07-24,TEKTU,8.27,-1.5476190476190568,3958705,0.26,1.62,0.63,0,6.151035279224564
2026-07-24,ARENA,25.38,2.8363047001620716,2792522,2.16,0.83,0.37,1,4.840780022309967
2026-07-24,KRGYO,2.51,0.8032128514056053,5026047,0.96,0.31,1.18,0,2.716865660453407
2026-07-24,BEYAZ,24.3,-0.8972267536704684,493348,0.56,1.2,0.65,1,4.490694538500734
2026-07-24,DNISI,20.24,-0.4916420845624455,190678,0.25,0.35,1.48,0,4.267931244317006
2026-07-24,VANGD,93.35,-1.529535864978906,106480,0.6,0.68,0.81,0,5.583264205269988
2026-07-24,SNICA,3.83,-1.794871794871791,9992564,0.46,0.58,1.9,0,4.9133415974903025
2026-07-24,KLMSN,29.16,-1.1525423728813555,405466,0.55,0.5,0.82,0,3.933387179311812
2026-07-24,EDIP,36.1,0.8379888268156545,257593,0.42,0.75,0.93,0,3.7384084071166335
2026-07-24,SKYMD,14.62,-1.1494252873563215,1490924,0.5,0.57,0.92,0,5.030304376407105
2026-07-24,DERHL,11.39,-1.9793459552495583,4202426,1.38,0.62,0.66,0,3.536381774640728
2026-07-24,OZGYO,2.17,-8.438818565400851,65887773,1.21,1.92,1.27,2,5.590409966350369
2026-07-24,MAKTK,11.13,-1.1545293072824068,2541869,0.57,1.01,0.84,0,4.267566904007823
2026-07-24,LRSHO,2.96,-1.0033444816053594,7663361,0.33,1.04,0.77,0,4.552450831862995
2026-07-24,ANGEN,10.09,-1.078431372549014,1022481,0.43,0.41,0.87,0,3.432317363063045
2026-07-24,OZRDN,31.6,3.6065573770491848,186469,0.57,0.95,0.64,0,8.08194282750258
2026-07-24,FORMT,1.94,-1.020408163265307,17299806,0.85,0.75,0.6,0,3.2288332775990254
2026-07-24,EGSER,3.02,-0.6578947368421059,1658297,0.64,0.66,0.82,0,3.802015220794888
2026-07-24,ICUGS,6.02,-2.7463651050080906,6612816,0.28,0.76,0.91,0,6.953585626464469
2026-07-24,GSDDE,13.69,-3.862359550561803,1919744,0.27,0.59,1.16,1,6.986137316584341
2026-07-24,OBASE,44.74,-2.7391304347826044,643013,0.4,1.57,1.2,2,6.280434094797149
2026-07-24,UNLU,11.89,0.0,586358,0.42,0.58,1.14,0,3.8311943883838273
2026-07-24,SELVA,1.94,-1.020408163265307,76319149,2.4,0.83,0.55,0,3.6843292559495895
2026-07-24,BIZIM,25.04,-0.6349206349206356,81915,0.26,0.62,0.95,0,3.193603327298136
2026-07-24,BLCYT,21.04,-1.7740429505135504,707519,0.48,0.44,0.77,0,5.521873158292246
2026-07-24,KRSTL,10.52,0.8628954937679756,2084639,0.75,0.75,0.41,0,3.108213893954343
2026-07-24,AGYO,7.64,0.5263157894736847,602733,1.56,1.08,0.66,1,4.794681345232104
2026-07-24,SUMAS,335.0,-1.3254786450662739,2045,0.59,0.78,0.72,0,5.226528965591102
2026-07-24,CONSE,2.69,6.7460317460317425,37422176,3.94,1.2,0.61,2,3.210558152989993
2026-07-24,AVGYO,15.99,-8.050603795284648,3748398,1.1,1.49,1.07,1,8.207101519937675
2026-07-24,DERIM,35.6,-0.6696428571428626,117146,0.36,0.71,0.84,0,4.17874403241672
2026-07-24,ULUFA,1.74,-2.247191011235957,25750238,0.54,1.68,0.79,0,4.440110969933956
2026-07-24,MAKIM,17.08,-0.3500583430571894,1565119,0.66,0.42,1.37,0,5.238248569923477
2026-07-24,FRIGO,2.21,-1.7777777777777795,14298276,0.31,0.67,1.43,1,6.0125597209213035
2026-07-24,CUSAN,27.1,3.3562166285278514,3814814,3.12,1.46,0.72,2,4.474829890816049
2026-07-24,PENGD,10.38,-2.626641651031889,1943584,0.73,0.67,0.3,0,4.276760123723771
2026-07-24,ISBIR,73.0,2.097902097902098,32656,1.42,0.88,0.84,1,2.8142328954831304
2026-07-24,GLRYH,3.04,-1.2987012987012998,3966442,0.45,0.74,0.78,0,4.050851908713095
2026-07-24,RUBNS,23.22,3.38379341050756,8517326,3.84,0.38,1.16,1,5.945544552911175
2026-07-24,SEKUR,9.72,0.0,902667,0.98,0.31,0.96,0,7.049525673630972
2026-07-24,KFEIN,9.13,-0.7608695652173751,1941120,0.36,0.7,0.84,0,4.478482018606107
2026-07-24,TLMAN,84.55,-0.4708652148322609,54788,0.2,0.97,1.07,0,3.2489260738335295
2026-07-24,DMSAS,8.87,-0.1126126126126302,1195269,0.29,0.83,1.48,0,3.5730165829151574
2026-07-24,A1YEN,2.94,-0.6756756756756763,8062709,0.53,0.84,0.44,0,3.832789037881364
2026-07-24,EYGYO,2.43,-2.7999999999999936,3331280,0.18,1.31,0.62,0,5.242820184331577
2026-07-24,DOFER,30.28,-0.8513425016371907,278634,0.64,0.71,0.48,0,3.3678171659073186
2026-07-24,IHLGM,1.7,0.0,5551747,0.41,0.53,0.87,0,3.104160878213949
2026-07-24,RTALB,3.35,-1.1799410029498536,11736828,0.54,0.57,0.73,0,4.43009606978989
2026-07-24,MARKA,78.8,-2.354399008674109,155270,0.27,0.56,0.38,0,6.484836784903064
2026-07-24,SKTAS,3.37,0.0,5419233,0.32,0.47,1.64,0,6.090955695375168
2026-07-24,BRKO,12.05,0.41666666666667257,188962,0.46,0.53,1.25,0,4.101424212391903
2026-07-24,KRPLS,9.3,-1.4830508474576143,617440,0.27,0.91,0.74,0,3.7035099161289637
2026-07-24,YKSLN,3.18,-0.9345794392523303,2219057,0.3,0.9,0.8,0,4.1251200440053735
2026-07-24,VRGYO,1.94,0.5181347150259072,6817631,0.61,0.65,0.7,0,2.927954588369002
2026-07-24,BRMEN,18.88,7.150964812712815,289738,0.88,0.46,1.32,0,6.1023172791396245
2026-07-24,ETILR,6.0,-7.264296754250382,5972907,0.47,1.09,0.66,0,6.6307920706603865
2026-07-24,YYAPI,0.89,-2.1978021978021998,1839468,0.43,0.96,0.32,0,3.72142165987768
2026-07-24,EUHOL,10.25,0.0,346124,0.56,1.06,0.74,0,2.323118219455883
2026-07-24,GLBMD,12.98,0.0,161358,0.5,0.58,1.2,0,5.4996643091429664
2026-07-24,MEPET,20.38,-0.3910068426197549,109600,0.34,0.68,0.75,0,5.286564021187131
2026-07-24,PRDGS,7.49,-1.8348623853210968,4612014,1.11,1.05,0.51,0,4.59451966567365
2026-07-24,AVHOL,39.8,0.050276520864746155,829711,0.42,0.96,1.07,0,5.493059084854496
2026-07-24,BNTAS,6.05,-0.493421052631583,963429,0.43,0.65,0.69,0,2.5612513450401235
2026-07-24,OTTO,185.1,-3.190376569037654,164710,0.31,0.97,0.97,0,6.291813664730463
2026-07-24,SANEL,71.95,-9.949937421777225,38606,0.17,0.38,1.08,0,8.499612320560903
2026-07-24,ZEDUR,8.35,0.240096038415361,1479251,0.73,0.62,0.7,0,4.55523991353528
2026-07-24,TRILC,1.3,-5.797101449275352,4386498,0.38,1.1,0.18,0,7.08038121239905
2026-07-24,RNPOL,2.34,-1.6806722689075646,872696,0.31,0.81,0.55,0,5.726884071219494
2026-07-24,TUCLK,3.88,-1.2722646310432637,3124995,0.75,0.75,0.39,0,2.431340890915227
2026-07-24,DENGE,2.33,-0.8510638297872347,7223947,0.45,0.53,1.37,0,4.594535747262829
2026-07-24,OSTIM,1.74,-1.1363636363636374,3925032,0.25,0.36,1.38,0,3.91131053846952
2026-07-24,GEDZA,29.22,-2.4048096192384847,200716,0.42,0.55,0.43,0,3.5569347197545342
2026-07-24,ACSEL,133.5,3.8102643856920726,232939,1.23,0.66,0.58,0,5.025245800299665
2026-07-24,BMSCH,13.48,-1.3177159590043903,691789,0.55,0.64,0.79,0,4.228409165962167
2026-07-24,FADE,15.69,0.06377551020408027,932428,0.41,0.7,0.9,0,4.552916231120806
2026-07-24,NIBAS,4.07,0.4938271604938386,4921546,0.83,0.76,0.34,0,4.185348286054923
2026-07-24,MERKO,1.47,0.0,23052755,0.55,0.78,0.62,0,5.1201991637410895
2026-07-24,YAYLA,23.16,0.6956521739130441,2342006,2.29,0.62,0.75,1,5.699343670190479
2026-07-24,DESPC,48.34,-2.736418511066397,2109895,1.04,1.98,1.2,2,7.3749042631261865
2026-07-24,BAYRK,4.58,0.4385964912280803,2636267,0.22,1.2,0.63,0,5.061167666869982
2026-07-24,ARZUM,1.83,-2.1390374331550817,6389376,0.45,0.66,0.63,0,4.560883263267042
2026-07-24,TDGYO,16.36,1.1750154607297323,365027,0.49,0.6,0.96,0,5.673207250206468
2026-07-24,HKTM,10.6,0.18903591682419257,1949650,0.57,0.6,0.72,0,5.089472822361152
2026-07-24,AVOD,3.91,-1.262626262626258,2295438,0.52,0.57,0.48,0,4.381145885963942
2026-07-24,IZINV,60.25,-1.1484823625922933,151313,0.51,0.59,0.87,0,4.161154369761719
2026-07-24,CEOEM,24.06,-0.3314001657000905,386481,0.09,1.11,1.03,0,6.355237534910627
2026-07-24,EPLAS,5.53,-0.3603603603603527,1993732,0.71,0.69,0.74,0,3.9600640733230814
2026-07-24,BALAT,73.0,-1.5509103169251592,10670,0.25,0.87,0.94,0,4.270301737958106
2026-07-24,IHGZT,1.28,0.0,4724807,0.54,0.35,1.11,0,2.9237929149246975
2026-07-24,SEKFK,5.16,-2.087286527514221,536507,0.57,1.36,0.71,0,3.924295378097501
2026-07-24,VKING,24.08,-0.16583747927032627,192355,0.23,1.79,0.6,0,4.28374571327131
2026-07-24,SODSN,8.44,0.0,38072,0.61,0.81,0.73,0,2.2819812352104405
2026-07-24,SEYKM,5.0,1.8329938900203637,2098749,0.62,1.12,1.05,0,7.027180595736285
2026-07-24,FLAP,10.35,-0.9569377990430589,341353,0.45,0.62,0.74,0,5.9241073669888635
2026-07-24,MMCAS,72.1,-1.5699658703071748,9961,0.65,0.97,0.57,0,4.183732823509943
2026-07-24,HATEK,15.38,-0.45307443365694827,677632,0.47,0.98,0.44,0,3.550374725603758
2026-07-24,EMNIS,169.8,9.831824062095743,5191,0.92,1.11,0.52,0,2.571256150676848
2026-07-24,ORCAY,4.08,3.030303030303033,1241901,0.79,0.85,0.6,0,4.939036821926409
2026-07-24,OYAYO,45.94,-0.7775377969762407,25395,0.64,0.37,0.85,0,4.533310060606128
2026-07-24,ATSYH,107.0,-7.35930735930736,163590,2.27,0.84,1.29,1,5.478460515730816
2026-07-24,SMART,27.24,-5.350938151494102,4571263,2.0,0.89,0.62,0,6.0982259718485174
2026-07-24,PSDTC,122.5,-0.40650406504065045,55322,0.46,0.54,1.9,0,4.791529137032612
2026-07-24,COSMO,126.1,-2.172226532195509,12686,0.34,0.63,0.83,0,5.854603422773145
2026-07-24,HUBVC,3.07,-3.154574132492116,1268977,0.61,0.8,0.79,0,6.769690854201885
2026-07-24,ERSU,23.94,-0.8285004142502042,155488,0.49,0.89,0.55,0,5.105050403733275
2026-07-24,SILVR,2.4,0.0,847357,0.59,0.71,0.72,0,3.544007858707516
2026-07-24,YESIL,1.29,-0.7692307692307698,8424097,0.32,1.31,0.41,1,3.883777728860011
2026-07-24,YONGA,48.96,0.6165228113440285,5761,0.28,0.99,0.9,0,2.373139878072535
2026-07-24,ETYAT,13.08,-0.38080731150038616,213467,0.32,0.67,1.01,0,5.037186752079284
2026-07-24,VKFYO,25.68,-1.2307692307692317,70589,0.24,0.82,0.81,0,5.047543363488197
2026-07-24,EUKYO,13.2,1.9305019305019304,861460,0.71,0.85,1.09,0,5.433309884467084
2026-07-24,KRTEK,21.44,-1.651376146788988,67005,0.73,0.91,0.42,0,3.5248833704260734
2026-07-24,BRKSN,7.56,-0.5263157894736847,39705,0.13,0.8,0.51,0,2.776405099259757
2026-07-24,IHEVA,2.02,0.4975124378109568,538545,0.59,0.52,0.86,0,2.7870414720743586
2026-07-24,RODRG,24.88,0.32258064516128343,51844,0.3,0.79,0.49,0,5.256581611398391
2026-07-24,OYLUM,8.0,0.5025125628140708,202875,0.53,0.72,0.59,0,4.080471449606666
2026-07-24,IDGYO,4.43,-0.4494382022472014,679480,0.43,0.79,0.67,0,8.22214737586749
2026-07-24,EKIZ,68.0,-0.9468317552804161,8517,0.55,0.99,0.87,0,3.910405007755654
2026-07-24,SAMAT,5.64,0.0,675905,0.51,0.55,1.07,0,5.881121145841531
2026-07-24,ULAS,23.94,-1.3190436933223424,111259,0.64,0.81,0.4,0,4.018627910188792
2026-07-24,MZHLD,5.54,-0.7168458781362014,131714,0.65,0.68,0.71,0,2.9721591609109783
2026-07-24,AKYHO,2.43,-0.40983606557376173,722020,0.67,0.76,0.68,0,2.9990570501867184
2026-07-24,IHYAY,1.32,0.7633587786259549,1926476,0.81,0.31,0.99,0,4.190058153111687
2026-07-24,GRNYO,14.98,-0.7947019867549617,175815,0.74,1.0,0.54,0,4.4567799249834215
2026-07-24,MEGAP,1.98,2.061855670103095,279623,0.3,0.83,0.61,0,2.2482984087457965
2026-07-24,ATAGY,10.99,-1.523297491039426,120389,0.76,0.9,0.8,0,3.6101686648297187
2026-07-24,ATLAS,7.72,0.6518904823989546,845222,0.82,0.9,0.78,0,5.171081973286153
2026-07-24,MTRYO,9.97,-0.5982053838484419,144540,0.82,0.49,0.97,0,4.059456586117534
2026-07-24,CASA,79.5,9.655172413793103,42360,1.47,1.22,1.01,2,3.3238842764486334
2026-07-24,EUYO,4.91,-2.1912350597609453,259326,0.31,0.8,1.05,0,5.630362948082173
2026-07-24,DIRIT,24.02,-3.6115569823435076,58953,0.72,1.17,0.83,1,4.952323073711398
2026-07-24,ALTIN,69.2,1.0218978102189822,6420705,0.58,1.04,0.86,0,2.133052155996032
2026-07-24,AAGYO,14.34,-0.6925207756232663,4462267,0.45,0.82,0.5,0,3.438312668861159
2026-07-24,EKIM,22.94,6.5985130111524235,51921919,0.85,,,0,
2026-07-24,BETAE,94.85,5.096952908587251,29126811,0.72,,,0,7.67683750422915
2026-07-24,ENPRA,61.8,-0.16155088852988922,24595,0.45,0.81,0.67,0,2.6073119354427408
2026-07-24,ORZAX,102.9,-1.531100478468894,29660726,0.79,,,0,
2026-07-24,LXGYO,13.23,-3.1478770131771574,3889386,0.49,0.65,0.25,0,5.168932597861692
